{"cameraMode":{"drawMode":0,"name":"Shaded","section":"Shading Mode"},"sceneLighting":false,"audioPlay":false,"sceneViewState":{"showFog":true,"showMaterialUpdate":false,"showSkybox":true,"showFlares":true,"showImageEffects":true,"showParticleSystems":true},"in2DMode":false,"pivot":{"x":881.089599609375,"y":282.35797119140627,"z":98.63070678710938},"rotation":{"x":-0.1937272548675537,"y":0.05928080901503563,"z":-0.012706688605248928,"w":-0.9795659780502319},"size":553.4049682617188,"orthographic":false}