{"cameraMode":{"drawMode":0,"name":"Shaded","section":"Shading Mode"},"sceneLighting":false,"audioPlay":false,"sceneViewState":{"showFog":true,"showMaterialUpdate":false,"showSkybox":true,"showFlares":true,"showImageEffects":true,"showParticleSystems":true},"in2DMode":false,"pivot":{"x":-517.04345703125,"y":-365.8658447265625,"z":154.0064239501953},"rotation":{"x":0.27046018838882449,"y":-0.5444765090942383,"z":0.1917279213666916,"w":0.7708855867385864},"size":715.1290283203125,"orthographic":false}