{"cameraMode":{"drawMode":0,"name":"Shaded","section":"Shading Mode"},"sceneLighting":false,"audioPlay":false,"sceneViewState":{"showFog":true,"showMaterialUpdate":false,"showSkybox":true,"showFlares":true,"showImageEffects":true,"showParticleSystems":true},"in2DMode":false,"pivot":{"x":-281.92431640625,"y":-7.05751895904541,"z":647.3330078125},"rotation":{"x":0.007823017425835133,"y":-0.9917272925376892,"z":0.10583991557359696,"w":0.07485154271125794},"size":40.010372161865237,"orthographic":false}