{"cameraMode":{"drawMode":0,"name":"Shaded","section":"Shading Mode"},"sceneLighting":false,"audioPlay":false,"sceneViewState":{"showFog":true,"showMaterialUpdate":false,"showSkybox":true,"showFlares":true,"showImageEffects":true,"showParticleSystems":true},"in2DMode":false,"pivot":{"x":0.4853057861328125,"y":51.685001373291019,"z":0.7700004577636719},"rotation":{"x":-0.25580790638923647,"y":0.23811179399490357,"z":-0.06621088832616806,"w":-0.9350085854530335},"size":329.0913391113281,"orthographic":false}