{"cameraMode":{"drawMode":0,"name":"Shaded","section":"Shading Mode"},"sceneLighting":false,"audioPlay":false,"sceneViewState":{"showFog":true,"showMaterialUpdate":false,"showSkybox":true,"showFlares":true,"showImageEffects":true,"showParticleSystems":true},"in2DMode":false,"pivot":{"x":39.733314514160159,"y":-659.0592041015625,"z":974.037353515625},"rotation":{"x":-0.2886049449443817,"y":-0.034161150455474856,"z":0.009231513366103173,"w":-0.9571905136108398},"size":1247.0692138671875,"orthographic":false}