{"cameraMode":{"drawMode":0,"name":"Shaded","section":"Shading Mode"},"sceneLighting":false,"audioPlay":false,"sceneViewState":{"showFog":true,"showMaterialUpdate":false,"showSkybox":true,"showFlares":true,"showImageEffects":true,"showParticleSystems":true},"in2DMode":false,"pivot":{"x":-9.400123596191407,"y":2.1338329315185549,"z":-1.0931167602539063},"rotation":{"x":-0.2826032042503357,"y":0.27220726013183596,"z":-0.08424866944551468,"w":-0.9160623550415039},"size":14.175294876098633,"orthographic":false}